Cidade,Total da Cesta,Carne,Leite,Feijão,Arroz,Farinha,Batata,Tomate,Pão,Café,Banana,Açúcar,Óleo,Manteiga
Brasília,"734,35","45,31","6,77","8,98","4,73","4,65","4,43","6,33","18,90","49,10","8,76","2,95","7,26","55,88"
Campo Grande,"805,13","48,99","6,08","8,95","4,19","4,35","4,81","6,03","18,17","49,55","11,83","2,85","7,07","65,57"
Cuiabá,"851,57","45,96","7,04","8,45","4,11","4,37","6,87","8,18","21,60","57,50","12,95","2,83","7,54","59,86"
Goiânia,"772,90","45,97","6,92","10,98","4,60","4,95","5,43","6,60","19,51","68,56","8,72","3,23","7,43","55,78"
Belo Horizonte,"759,55","48,32","6,60","9,29","4,56","4,43","5,01","7,27","19,36","48,40","8,90","2,87","7,40","46,05"
Rio de Janeiro,"851,19","53,07","7,53","6,67","5,58","4,95","5,54","7,94","21,06","55,31","11,48","3,53","7,63","71,37"
São Paulo,"900,59","55,43","7,23","9,74","4,56","5,23","7,75","9,33","19,95","58,44","12,33","3,61","7,79","69,45"
Vitória,"790,00","50,12","6,72","7,24","3,81","4,22","6,18","7,91","20,53","45,61","8,73","2,81","7,78","64,04"
Curitiba,"798,87","53,65","6,64","6,34","3,99","4,25","4,78","7,41","16,65","48,26","8,37","3,88","7,30","54,25"
Florianópolis,"850,90","54,67","6,34","7,43","5,11","4,35","5,45","7,43","18,39","56,19","9,77","4,18","7,73","64,68"
Porto Alegre,"839,34","54,57","5,69","6,89","4,47","4,02","5,43","7,83","16,13","55,66","10,72","3,96","7,85","68,16"
Belém,"709,12","46,44","8,21","8,66","4,95","8,21",-,"8,07","17,01","61,70","11,44","3,48","8,45","63,14"
Boa Vista,"698,04","46,53","8,33","9,52","4,32","9,16",-,"9,72","10,98","67,73","11,00","3,55","7,28","66,04"
Macapá,"702,68","42,26","7,85","9,22","5,65","7,85",-,"10,19","16,11","66,23","9,80","4,26","8,25","62,25"
Manaus,"666,02","47,51","7,60","8,93","4,75","5,59",-,"7,52","14,62","63,10","10,18","3,01","7,89","56,53"
Palmas,"718,54","48,12","6,89","11,76","6,02","9,19",-,"6,27","19,13","66,20","9,35","4,05","8,78","76,75"
Porto Velho,"664,79","39,93","6,71","8,47","4,60","6,50",-,"9,02","15,66","65,38","13,00","2,78","7,54","47,29"
Rio Branco,"659,66","39,68","7,62","8,85","5,10","6,22",-,"8,60","14,72","59,57","11,71","3,30","8,11","57,73"
Aracaju,"570,98","44,00","6,78","9,52","5,16","6,76",-,"4,03","12,42","62,34","7,51","3,38","7,97","46,11"
Fortaleza,"755,56","56,17","7,29","9,18","5,08","5,28",-,"7,73","22,05","61,94","8,86","3,58","8,64","72,18"
João Pessoa,"641,13","48,04","7,71","10,34","4,57","7,07",-,"4,82","15,54","55,83","7,36","3,36","9,01","69,84"
Maceió,"627,45","49,83","6,84","9,58","5,24","6,09",-,"4,43","14,87","60,26","7,42","3,60","8,47","62,07"
Natal,"627,42","48,04","7,57","9,80","4,53","6,77",-,"4,77","15,11","60,91","6,90","3,54","8,63","63,91"
Recife,"643,02","46,00","6,88","10,13","5,68","6,25",-,"5,01","14,40","59,76","10,50","3,76","9,04","61,90"
Salvador,"628,89","44,73","7,97","10,04","5,38","7,18",-,"4,84","16,90","62,57","7,28","3,61","8,21","55,73"
São Luís,"661,79","40,61","6,26","7,01","4,62","10,08",-,"7,54","19,27","61,28","9,50","4,09","9,65","60,55"
Teresina,"689,81","46,47","7,31","9,52","4,77","8,00",-,"6,17","19,95","62,66","9,53","3,70","8,49","65,61"
Macaé,-,-,-,-,-,-,-,-,-,-,-,-,-,-