mercado,produto,marca,preco,unidade,quantidade_disponivel,coletado_em
Mercado Central do Juazeiro,Arroz,Tio João 5kg,26.90,un,14,2026-09-01
Mercado Central do Juazeiro,Feijão carioca,Kicaldo 1kg,8.99,un,20,2026-09-01
Mercado Central do Juazeiro,Café torrado e moído,Pilão 500g,18.90,un,9,2026-09-01
Supermercado Bom Preço Triângulo,Arroz,Tio João 5kg,25.49,un,11,2026-09-01
Supermercado Bom Preço Triângulo,Feijão carioca,Kicaldo 1kg,8.49,un,18,2026-09-01
Supermercado Vila Nova Salesianos,Arroz,Camil 5kg,24.90,un,7,2026-09-01
Supermercado Vila Nova Salesianos,Óleo de soja,Soya 900ml,7.29,un,25,2026-09-01
Hipermercado Lagoa Seca,Açúcar refinado,União 1kg,4.79,un,30,2026-09-01
Hipermercado Lagoa Seca,Leite integral UHT,Itambé 1L,5.19,un,40,2026-09-01
Atacadão do Limoeiro,Arroz,Tio João 5kg,22.90,un,35,2026-09-01
Atacadão do Limoeiro,Feijão carioca,Kicaldo 1kg,7.59,un,28,2026-09-01
Atacadão do Limoeiro,Café torrado e moído,Pilão 500g,16.49,un,0,2026-09-01
Supermercado Economia Muriti,Arroz,Camil 5kg,21.99,un,22,2026-09-01
Supermercado Economia Muriti,Óleo de soja,Liza 900ml,6.89,un,16,2026-09-01
